n,d,repetitions,mean,median,q90,q99,maximum,top_one_percent_share,theoretical_expectation,relative_mean_error_if_finite
30,22,40,0.9701499552568853,0.8746365743867734,1.5031352512936538,1.6584404503242118,1.6714758246201975,0.04307261510354883,1.0357142857142856,0.06330349147611058
30,22,240,1.037469941293658,0.8760192820057262,1.556893287497528,2.9007799669895507,7.3585897015655455,0.05694345103022018,1.0357142857142856,0.0016951157318079169
30,22,1200,1.0419136597685994,0.8917681376065814,1.6378124664454845,2.927980498188077,7.3585897015655455,0.04007132276719436,1.0357142857142856,0.005985602535199641
30,28,40,5.749172637372863,3.7233455674541194,17.028330175312355,23.26495111487711,23.82331439214488,0.10359453392162861,7.25,0.20701067070719137
30,28,240,6.657644440818496,3.797760096652134,14.93535905071127,54.17701498444974,68.46002126654112,0.11675631194592002,7.25,0.08170421505951786
30,28,1200,7.701923325496311,3.23281814840872,14.201621708574066,65.10087130036038,921.824085847794,0.2408649841228173,7.25,0.062334251792594664
30,29,40,27.897055490846093,6.219670231462427,37.46915760724895,363.1197670777301,516.1784461770134,0.46257430855595827,inf,
30,29,240,22.31523619143597,5.811038733180897,31.71614102439776,431.0526504312274,993.0857869107086,0.3998012245399444,inf,
30,29,1200,38.283642292158284,5.563444958240932,38.14054302737078,377.56620476964014,18172.348967815775,0.5871602135746737,inf,
30,30,40,849.409213765859,13.748287636477931,1942.6825396647391,12414.140548133175,13108.19476652561,0.38580328992460455,inf,
30,30,240,3383.9636859330712,17.941960009783116,1030.7195672613425,110199.42479888009,304349.0439153844,0.720495786939326,inf,
30,30,1200,44068.12833247488,17.260575126269586,531.497455865705,150303.26415961384,43353371.81618401,0.9743689704602977,inf,
30,31,40,68.54926893858276,5.096483087851086,45.27662309666775,1044.7662878779317,1246.1635929273334,0.45447734608367696,inf,
30,31,240,25.98558978815959,6.25812515387999,40.30075666681984,337.7875488120451,1246.1635929273334,0.3776774899047753,inf,
30,31,1200,25.606807381684952,5.808276732153921,39.19242537005821,283.7143684105423,2541.6651625089303,0.36851834283334484,inf,
30,32,40,9.765131006526367,3.316340633028084,16.36879549502846,112.30652532683752,168.8481841933917,0.43227321804629326,8.24375,0.1845496292981188
30,32,240,7.578911334008445,4.016547974890042,13.167765753153427,74.32931647624689,168.8481841933917,0.19039115419406946,8.24375,0.08064760163657991
30,32,1200,8.839911018748902,3.951435624881822,15.257340934923723,66.87233106124673,912.3862967979954,0.24499394127836038,8.24375,0.07231672706582581
30,38,40,2.9083762035246243,2.6981564233728994,3.989436900246116,5.555044492032452,5.929948104789595,0.05097301457771494,2.9845864661654136,0.02553461375796695
30,38,240,2.9978660052344046,2.8068684469817513,4.180707792425334,6.181341665360129,8.491312989420832,0.030516491541581068,2.9845864661654136,0.004449373211174779
30,38,1200,2.974949764335214,2.796078670475701,4.2787235837538375,6.25877671329972,8.8966555314134,0.02454195087571134,2.9845864661654136,0.0032288231349453245
60,52,40,2.086318903072805,1.6078819984356345,3.4042512522585993,7.543994525683189,8.576264437288414,0.1027678992969026,2.107142857142857,0.009882554473923166
60,52,240,2.235014359758197,1.7628942778662342,3.6312032521243287,7.95229958270935,18.123291460419424,0.07374321741602358,2.107142857142857,0.06068478090219509
60,52,1200,2.1294948134368306,1.7600090675403401,3.5281094451423116,6.84181881063104,18.123291460419424,0.04449104454459112,2.107142857142857,0.010607708071716182
60,58,40,9.047640235379674,6.501280744288058,13.54521033664163,67.21939307411654,99.05821777253658,0.2737128554945789,14.75,0.3866006620081577
60,58,240,18.580271529142,6.719671454735835,27.300223267163112,389.59496978985453,583.6245955285673,0.3561490656016706,14.75,0.2596794257045423
60,58,1200,16.36601710946312,6.8166172191231915,27.248011787397576,154.98503809122371,755.1564635590347,0.2609574543320066,14.75,0.10956048199749957
60,59,40,32.83135230113932,10.957204679388738,78.98883292088331,283.2536803788372,382.43925615282745,0.291214973910438,inf,
60,59,240,53.714472543805776,10.880031709379175,63.138346840779754,979.4874591218072,2876.358919625259,0.42249291929964194,inf,
60,59,1200,143.9714505310145,11.047933931857685,76.58053219045526,992.3046305852778,103809.78840637943,0.7507277171010044,inf,
60,60,40,4467.973022017799,26.96141650541938,720.673164071459,99546.84659284666,154764.55061696388,0.8659662326422801,inf,
60,60,240,174932.33549366327,37.679939837880696,1485.4830598453773,540289.3958970613,36268610.25312502,0.9892590623311232,inf,
60,60,1200,40413.71557511627,31.84973009152778,843.5519668810771,118551.08736155089,36268610.25312502,0.9736145320818861,inf,
60,61,40,39.19420561354443,11.438405030301924,87.61155170038576,391.53906008910286,494.07272383001015,0.31514398371890484,inf,
60,61,240,47.58145391644179,12.535827369062064,70.29172107365537,605.4461991859756,2029.1734097629712,0.3254334831695123,inf,
60,61,1200,127.1423500947963,11.212943020116366,64.0832560900142,641.6720316651381,93182.3365482412,0.7690557413211014,inf,
60,62,40,10.129676096743022,6.843064368619618,16.05265312705161,63.913829133824066,81.40458435704498,0.2009061878671986,15.504838709677419,0.3466764610443489
60,62,240,13.425836636228441,7.601971724933641,30.03864276982445,86.62735809460588,117.1157857833796,0.09684499710384722,15.504838709677419,0.1340873073482124
60,62,1200,13.252050532139357,6.793156362182452,27.759152576659318,101.88535219398179,319.6182691787158,0.1275291219163021,15.504838709677419,0.1452958150497865
60,68,40,3.320327009830043,3.295540293214576,4.686260192942093,5.662702424681163,5.89775610246781,0.04440644012628216,3.3222689075630254,0.0005845094984822108
60,68,240,3.3473747536339813,2.958214894818421,4.9406303392185995,9.678378453971215,14.995725976332478,0.04354426215749261,3.3222689075630254,0.007556837441365261
60,68,1200,3.3819915850923814,3.0341284259618786,5.296759877888775,8.757076561717078,14.995725976332478,0.03155787848477514,3.3222689075630254,0.01797647306435657
