d,theoretical_test_mse,finite_run_mean_test_mse,finite_run_median_test_mse,mean_training_mse
1,4.298214285714287,4.297464498722703,4.211355892323142,4.044036443173437
2,2.0407407407407403,2.0429768683933665,1.9855128864752638,1.7824917323768692
3,1.0038461538461538,0.9979773320433074,0.976816925454386,0.7979628304906728
5,0.3020833333333333,0.3022457763872891,0.2954376255650908,0.20261085794002107
8,0.34523809523809523,0.34304107703771863,0.3281845395622862,0.17832848740710452
15,0.5178571428571428,0.5087771107140235,0.47755399754259126,0.12247218053927197
22,1.0357142857142856,1.065252176208402,0.865359075060621,0.06371791020881834
26,2.4166666666666665,2.38656302898478,1.7526755598483827,0.03224783416586225
28,7.25,5.788568307996875,3.1524544049963943,0.016498862742793607
29,inf,20.48139977357272,5.242775350019979,0.007890298081328014
30,inf,2445.6813380672074,17.182617288210356,1.1105742509428587e-27
31,inf,15.325735485736924,5.737600733011449,2.71124384921616e-29
32,8.24375,5.788941719335778,3.486492975653352,2.3286365640087974e-29
34,3.6794117647058826,3.419777333607408,2.86155892968279,2.3246142553493875e-29
40,3.0583333333333336,3.022718747221204,2.9476816819949474,2.1965963337223257e-29
50,3.8047368421052634,3.765206025932832,3.7047415768867755,2.1764901982008272e-29
65,4.724434389140272,4.735302040694719,4.704075491440019,2.1046581597941564e-29
80,5.340561224489796,5.358070604564031,5.322946285540683,2.4688889515534305e-29
