step,update,error_low,error_high,objective_gap
0.08,0,1.0,1.0,5.0
0.08,1,0.92,0.28,0.7760000000000001
0.08,2,0.8464,0.0784,0.38585600000000003
0.08,3,0.778688,0.021952,0.30534600704000003
0.08,4,0.7163929600000001,0.006146559999999999,0.2567794474680321
0.08,5,0.6590815232,0.0017210367999999998,0.21720755596631736
0.08,6,0.606355001344,0.0004818903040000001,0.183834238809634
0.08,7,0.55784660123648,0.00013492928512000003,0.15559649718215007
0.08,8,0.5132188731375616,3.7780199833600006e-05,0.13169681229534003
0.08,9,0.4721613632865567,1.0578455953407997e-05,0.11146817699387668
0.08,10,0.4343884542236322,2.9619676669542394e-06,0.09434666462087794
0.08,11,0.3996373778857416,8.29350946747187e-07,0.07985501690479072
0.08,12,0.3676663876548823,2.3221826508921232e-07,0.06758928630583776
0.08,13,0.3382530766424917,6.502111422497944e-08,0.05720757192907471
0.08,14,0.31119283051109237,1.8205911982994248e-08,0.048420488880754224
0.08,15,0.286297404070205,5.09765535523839e-09,0.04098310178866923
0.08,16,0.2633936117445886,1.4273434994667494e-09,0.034688097353929546
0.08,17,0.2423221228050215,3.9965617985068996e-10,0.02936000560036596
0.08,18,0.22293635298061978,1.1190373035819316e-10,0.02485030874014975
0.08,19,0.2051014447421702,3.1333044500294095e-11,0.02103330131766275
0.08,20,0.1886933291627966,8.773252460082347e-12,0.017802586235269754
0.08,21,0.17359786282977288,2.4565106888230572e-12,0.01506810898953232
0.08,22,0.15971003380339105,6.878229928704559e-13,0.012753647448740156
0.08,23,0.14693323109911977,1.925904380037276e-13,0.010794687200613667
0.08,24,0.13517857261119018,5.392532264104372e-14,0.009136623246599408
0.08,25,0.12436428680229497,1.509909033949224e-14,0.00773323791592174
0.08,26,0.11441514385811137,4.227745295057828e-15,0.00654541257203616
0.08,27,0.10526193234946246,1.1837686826161919e-15,0.005540037200971406
0.08,28,0.09684097776150546,3.314552311325337e-16,0.004689087486902198
0.08,29,0.08909369954058503,9.280746471710944e-17,0.003968843648914021
0.08,30,0.08196620357733823,2.5986090120790646e-17,0.0033592292644408278
0.08,31,0.07540890729115117,7.27610523382138e-18,0.002843251649422716
0.08,32,0.06937619470785908,2.0373094654699858e-18,0.0024065281960713872
0.08,33,0.06382609913123036,5.70446650331596e-19,0.002036885465154822
0.08,34,0.05872001120073193,1.5972506209284685e-19,0.0017240198577070415
0.08,35,0.05402241030467337,4.4723017385997106e-20,0.0014592104075632397
0.08,36,0.0497006174802995,1.2522444868079191e-20,0.001235075688961526
0.08,37,0.045724568081875534,3.506284563062173e-21,0.0010453680631370354
0.08,38,0.042066602635325495,9.817596776574088e-22,0.0008847995286391869
0.08,39,0.03870127442449946,2.748927097440745e-22,0.0007488943210402079
0.08,40,0.0356051724705395,7.696995872834084e-23,0.0006338641533284319
0.08,41,0.03275675867289634,2.1551588443935426e-23,0.0005365026193771847
0.08,42,0.03013621797906463,6.03444476430192e-24,0.00045409581704084916
0.08,43,0.02772532054073946,1.689644534004538e-24,0.00038434669954337476
0.08,44,0.025507294897480305,4.731004695212707e-25,0.0003253110464935124
0.08,45,0.02346671130568188,1.324681314659558e-25,0.0002753432697521089
0.08,46,0.02158937440122733,3.709107681046762e-26,0.00023305054351818497
0.08,47,0.019862224449129145,1.0385501506930935e-26,0.00019725398003379177
0.08,48,0.018273246493198815,2.907940421940662e-27,0.0001669557687006014
0.08,49,0.01681138677374291,8.142233181433855e-28,0.00014131136262818904
0.08,50,0.015466475831843478,2.279825290801479e-28,0.0001196059373284992
0.08,51,0.014229157765296,6.383510814244139e-29,0.00010123446535484172
0.08,52,0.013090825144072319,1.787383027988359e-29,8.568485147633802e-05
0.08,53,0.012043559132546533,5.004672478367407e-30,7.252365828957251e-05
0.08,54,0.011080074401942811,1.401308293942874e-30,6.138402437629418e-05
0.08,55,0.010193668449787386,3.9236632230400473e-31,5.195543823209538e-05
0.08,56,0.009378174973804394,1.098625702451213e-31,4.397508291964553e-05
0.08,57,0.008627920975900042,3.0761519668633964e-32,3.7220510183187966e-05
0.08,58,0.007937687297828039,8.61322550721751e-33,3.15034398190503e-05
0.08,59,0.0073026723140017956,2.4117031420209024e-33,2.6664511462844168e-05
0.08,60,0.006718458528881652,6.752768797658527e-34,2.2568842502151307e-05
0.1111111111111111,0,1.0,1.0,5.0
0.1111111111111111,1,0.8888888888888888,0.0,0.3950617283950617
0.1111111111111111,2,0.7901234567901234,0.0,0.312147538484987
0.1111111111111111,3,0.7023319615912208,0.0,0.246635092136286
0.1111111111111111,4,0.624295076969974,0.0,0.19487217156447287
0.1111111111111111,5,0.5549289573066436,0.0,0.15397307382871933
0.1111111111111111,6,0.4932701842725721,0.0,0.12165773734614861
0.1111111111111111,7,0.43846238602006404,0.0,0.09612463197720382
0.1111111111111111,8,0.3897443431289458,0.0,0.07595032650050672
0.1111111111111111,9,0.3464394161146185,0.0,0.06001013451891889
0.1111111111111111,10,0.30794614765743866,0.0,0.04741541492852851
0.1111111111111111,11,0.2737299090288344,0.0,0.03746403154846697
0.1111111111111111,12,0.24331547469229722,0.0,0.029601210112368964
0.1111111111111111,13,0.21628042194870864,0.0,0.023388610459155725
0.1111111111111111,14,0.19224926395440767,0.0,0.018479889745505757
0.1111111111111111,15,0.17088823462614014,0.0,0.014601394366819362
0.1111111111111111,16,0.15190065300101346,0.0,0.01153690419106715
0.1111111111111111,17,0.13502280266756753,0.0,0.00911557862010244
0.1111111111111111,18,0.1200202690378378,0.0,0.007202432489957483
0.1111111111111111,19,0.10668468358918916,0.0,0.005690810856262703
0.1111111111111111,20,0.09483082985705703,0.0,0.0044964431456890495
0.1111111111111111,21,0.08429407098405069,0.0,0.003552745201532088
0.1111111111111111,22,0.07492806309693395,0.0,0.0028071073197290576
0.1111111111111111,23,0.06660272275283018,0.0,0.0022179613390451813
0.1111111111111111,24,0.059202420224737935,0.0,0.0017524632802332297
0.1111111111111111,25,0.052624373533100385,0.0,0.001384662344875638
0.1111111111111111,26,0.046777220918311456,0.0,0.0010940541984202573
0.1111111111111111,27,0.04157975192738796,0.0,0.0008644378851715615
0.1111111111111111,28,0.03695977949101152,0.0,0.000683012650012098
0.1111111111111111,29,0.032853137325343576,0.0,0.0005396643160589416
0.1111111111111111,30,0.029202788733638733,0.0,0.00042640143491076867
0.1111111111111111,31,0.025958034429901095,0.0,0.00033690977573196535
0.1111111111111111,32,0.023073808382134308,0.0,0.00026620031662772574
0.1111111111111111,33,0.020510051895230495,0.0,0.00021033111437252403
0.1111111111111111,34,0.018231157240204885,0.0,0.0001661875471585375
0.1111111111111111,35,0.016205473102404343,0.0,0.00013130867923637533
0.1111111111111111,36,0.014404864979914972,0.0,0.00010375006754479039
0.1111111111111111,37,0.012804324426591086,0.0,8.197536201069857e-05
0.1111111111111111,38,0.01138162171252541,0.0,6.477065640351492e-05
0.1111111111111111,39,0.010116997077800364,0.0,5.1176814936110557e-05
0.1111111111111111,40,0.0089928862913781,0.0,4.0436001924828085e-05
0.1111111111111111,41,0.007993676703447201,0.0,3.194943361961726e-05
0.1111111111111111,42,0.007105490403064179,0.0,2.5243996934018576e-05
0.1111111111111111,43,0.0063159914693903816,0.0,1.9945874120706034e-05
0.1111111111111111,44,0.005614214639458117,0.0,1.5759703008952917e-05
0.1111111111111111,45,0.00499041301285166,0.0,1.245211101941959e-05
0.1111111111111111,46,0.004435922678090364,0.0,9.838705002998195e-06
0.1111111111111111,47,0.003943042380524769,0.0,7.773791607307218e-06
0.1111111111111111,48,0.0035049265604664612,0.0,6.1422550971316294e-06
0.1111111111111111,49,0.003115490275970188,0.0,4.853139829832399e-06
0.1111111111111111,50,0.0027693246897512783,0.0,3.834579618633007e-06
0.1111111111111111,51,0.0024616219464455805,0.0,3.0297913036112644e-06
0.1111111111111111,52,0.002188108396840516,0.0,2.3939091781619867e-06
0.1111111111111111,53,0.0019449852416360141,0.0,1.891483795090952e-06
0.1111111111111111,54,0.0017288757703431237,0.0,1.4945057146397646e-06
0.1111111111111111,55,0.001536778462527221,0.0,1.1808440214437647e-06
0.1111111111111111,56,0.0013660253000241966,0.0,9.330125601530981e-07
0.1111111111111111,57,0.0012142447111326191,0.0,7.371951092567688e-07
0.1111111111111111,58,0.0010793286321178837,0.0,5.824751480547309e-07
0.1111111111111111,59,0.0009594032285492299,0.0,4.60227277475343e-07
0.1111111111111111,60,0.0008528028698215378,0.0,3.6363636738792536e-07
0.2,0,1.0,1.0,5.0
0.2,1,0.8,-0.8,3.2
0.2,2,0.64,0.6400000000000001,2.048000000000001
0.2,3,0.512,-0.5120000000000002,1.3107200000000012
0.2,4,0.4096,0.4096000000000003,0.8388608000000011
0.2,5,0.32768,-0.3276800000000003,0.5368709120000009
0.2,6,0.26214400000000004,0.26214400000000027,0.34359738368000065
0.2,7,0.20971520000000005,-0.2097152000000002,0.21990232555520042
0.2,8,0.16777216000000003,0.16777216000000017,0.14073748835532826
0.2,9,0.13421772800000004,-0.13421772800000015,0.09007199254741009
0.2,10,0.10737418240000003,0.10737418240000013,0.05764607523034247
0.2,11,0.08589934592000002,-0.08589934592000009,0.036893488147419176
0.2,12,0.06871947673600001,0.0687194767360001,0.023611832414348288
0.2,13,0.05497558138880001,-0.054975581388800085,0.015111572745182907
0.2,14,0.04398046511104001,0.043980465111040076,0.009671406556917065
0.2,15,0.035184372088832,-0.03518437208883207,0.0061897001964269244
0.2,16,0.028147497671065603,0.028147497671065655,0.003961408125713231
0.2,17,0.02251799813685248,-0.022517998136852527,0.002535301200456468
0.2,18,0.018014398509481985,0.01801439850948202,0.0016225927682921395
0.2,19,0.014411518807585589,-0.014411518807585622,0.00103845937170697
0.2,20,0.01152921504606847,0.011529215046068499,0.0006646139978924609
0.2,21,0.009223372036854777,-0.009223372036854798,0.0004253529586511749
0.2,22,0.007378697629483821,0.00737869762948384,0.0002722258935367521
0.2,23,0.005902958103587057,-0.005902958103587073,0.00017422457186352136
0.2,24,0.004722366482869646,0.004722366482869658,0.00011150372599265365
0.2,25,0.0037778931862957168,-0.0037778931862957263,7.136238463529834e-05
0.2,26,0.0030223145490365735,0.0030223145490365817,4.5671926166590954e-05
0.2,27,0.002417851639229259,-0.0024178516392292654,2.9230032746618212e-05
0.2,28,0.001934281311383407,0.0019342813113834125,1.870722095783566e-05
0.2,29,0.0015474250491067257,-0.0015474250491067298,1.197262141301482e-05
0.2,30,0.0012379400392853806,0.0012379400392853843,7.662477704329489e-06
0.2,31,0.0009903520314283045,-0.0009903520314283073,4.9039857307708725e-06
0.2,32,0.0007922816251426436,0.0007922816251426461,3.1385508676933605e-06
0.2,33,0.000633825300114115,-0.0006338253001141171,2.0086725553237517e-06
0.2,34,0.0005070602400912919,0.0005070602400912938,1.2855504354072017e-06
0.2,35,0.0004056481920730336,-0.0004056481920730352,8.227522786606097e-07
0.2,36,0.00032451855365842687,0.0003245185536584282,5.265614583427903e-07
0.2,37,0.0002596148429267415,-0.00025961484292674265,3.36999333339386e-07
0.2,38,0.0002076918743413932,0.00020769187434139418,2.1567957333720717e-07
0.2,39,0.00016615349947311455,-0.00016615349947311537,1.380349269358126e-07
0.2,40,0.00013292279957849163,0.00013292279957849228,8.834235323892006e-08
0.2,41,0.00010633823966279331,-0.00010633823966279385,5.653910607290886e-08
0.2,42,8.507059173023465e-05,8.50705917302351e-05,3.618502788666168e-08
0.2,43,6.805647338418771e-05,-6.805647338418809e-05,2.3158417847463487e-08
0.2,44,5.444517870735017e-05,5.4445178707350484e-05,1.4821387422376637e-08
0.2,45,4.3556142965880136e-05,-4.35561429658804e-05,9.485687950321052e-09
0.2,46,3.4844914372704106e-05,3.484491437270432e-05,6.070840288205474e-09
0.2,47,2.7875931498163285e-05,-2.787593149816346e-05,3.885337784451504e-09
0.2,48,2.230074519853063e-05,2.230074519853077e-05,2.486616182048963e-09
0.2,49,1.7840596158824504e-05,-1.7840596158824616e-05,1.5914343565113363e-09
0.2,50,1.4272476927059604e-05,1.4272476927059695e-05,1.0185179881672557e-09
0.2,51,1.1417981541647683e-05,-1.141798154164776e-05,6.51851512427044e-10
0.2,52,9.134385233318147e-06,9.134385233318211e-06,4.1718496795330837e-10
0.2,53,7.307508186654517e-06,-7.307508186654568e-06,2.669983794901173e-10
0.2,54,5.8460065493236135e-06,5.846006549323656e-06,1.7087896287367513e-10
0.2,55,4.676805239458891e-06,-4.676805239458926e-06,1.0936253623915213e-10
0.2,56,3.741444191567113e-06,3.7414441915671413e-06,6.99920231930574e-11
0.2,57,2.9931553532536903e-06,-2.993155353253714e-06,4.479489484355676e-11
0.2,58,2.3945242826029522e-06,2.3945242826029717e-06,2.8668732699876335e-11
0.2,59,1.915619426082362e-06,-1.915619426082378e-06,1.8347988927920867e-11
0.2,60,1.5324955408658897e-06,1.5324955408659028e-06,1.174271291386936e-11
0.2222222222222222,0,1.0,1.0,5.0
0.2222222222222222,1,0.7777777777777778,-1.0,4.802469135802469
0.2222222222222222,2,0.6049382716049383,1.0,4.682975156226185
0.2222222222222222,3,0.4705075445816187,-1.0,4.610688674754112
0.2222222222222222,4,0.3659503124523701,1.0,4.566959815591994
0.2222222222222222,5,0.28462802079628785,-1.0,4.540506555111206
0.2222222222222222,6,0.22137734950822388,1.0,4.524503965437643
0.2222222222222222,7,0.1721823829508408,-1.0,4.514823386499315
0.2222222222222222,8,0.13391963118398728,1.0,4.508967233808227
0.2222222222222222,9,0.10415971314310121,-1.0,4.505424622921026
0.2222222222222222,10,0.08101311022241206,1.0,4.503281562013954
0.2222222222222222,11,0.06301019683965382,-1.0,4.501985142452886
0.2222222222222222,12,0.04900793087528631,1.0,4.501200888644338
0.2222222222222222,13,0.03811727956966713,-1.0,4.500726463500896
0.2222222222222222,14,0.02964677299862999,1.0,4.500439465574616
0.2222222222222222,15,0.02305860122115666,-1.0,4.500265849545138
0.2222222222222222,16,0.01793446761645518,1.0,4.500160822564343
0.2222222222222222,17,0.013949030368354029,-1.0,4.500097287724109
0.2222222222222222,18,0.010849245842053134,1.0,4.500058853067671
0.2222222222222222,19,0.008438302321596883,-1.0,4.5000356024730355
0.2222222222222222,20,0.006563124027908687,1.0,4.500021537298503
0.2222222222222222,21,0.0051046520217067565,-1.0,4.500013028736132
0.2222222222222222,22,0.003970284905771922,1.0,4.500007881581117
0.2222222222222222,23,0.0030879993711559394,-1.0,4.500004767870058
0.2222222222222222,24,0.002401777288676842,1.0,4.500002884267072
0.2222222222222222,25,0.0018680490023042103,-1.0,4.500001744803537
0.2222222222222222,26,0.0014529270017921635,1.0,4.500001055498436
0.2222222222222222,27,0.0011300543347272382,-1.0,4.500000638511399
0.2222222222222222,28,0.0008789311492322964,1.0,4.500000386259982
0.2222222222222222,29,0.0006836131160695639,-1.0,4.500000233663446
0.2222222222222222,30,0.0005316990902763275,1.0,4.500000141351961
0.2222222222222222,31,0.000413543736881588,-1.0,4.500000085509211
0.2222222222222222,32,0.0003216451286856796,1.0,4.5000000517277945
0.2222222222222222,33,0.0002501684334221952,-1.0,4.500000031292123
0.2222222222222222,34,0.00019457544821726295,1.0,4.500000018929803
0.2222222222222222,35,0.00015133645972453786,-1.0,4.500000011451362
0.2222222222222222,36,0.00011770613534130723,1.0,4.500000006927367
0.2222222222222222,37,9.154921637657229e-05,-1.0,4.500000004190629
0.2222222222222222,38,7.120494607066734e-05,1.0,4.500000002535073
0.2222222222222222,39,5.538162472163016e-05,-1.0,4.500000001533563
0.2222222222222222,40,4.3074597005712344e-05,1.0,4.50000000092771
0.2222222222222222,41,3.350246433777627e-05,-1.0,4.500000000561208
0.2222222222222222,42,2.6057472262714878e-05,1.0,4.5000000003394955
0.2222222222222222,43,2.026692287100046e-05,-1.0,4.500000000205374
0.2222222222222222,44,1.5763162233000357e-05,1.0,4.500000000124238
0.2222222222222222,45,1.226023729233361e-05,-1.0,4.500000000075157
0.2222222222222222,46,9.535740116259475e-06,1.0,4.500000000045465
0.2222222222222222,47,7.416686757090703e-06,-1.0,4.500000000027503
0.2222222222222222,48,5.76853414440388e-06,1.0,4.500000000016638
0.2222222222222222,49,4.486637667869684e-06,-1.0,4.500000000010065
0.2222222222222222,50,3.4896070750097544e-06,1.0,4.5000000000060885
0.2222222222222222,51,2.714138836118698e-06,-1.0,4.500000000003683
0.2222222222222222,52,2.110996872536765e-06,1.0,4.500000000002228
0.2222222222222222,53,1.641886456417484e-06,-1.0,4.500000000001348
0.2222222222222222,54,1.277022799435821e-06,1.0,4.500000000000815
0.2222222222222222,55,9.932399551167496e-07,-1.0,4.500000000000493
0.2222222222222222,56,7.725199650908052e-07,1.0,4.500000000000298
0.2222222222222222,57,6.00848861737293e-07,-1.0,4.50000000000018
0.2222222222222222,58,4.67326892462339e-07,1.0,4.500000000000109
0.2222222222222222,59,3.634764719151526e-07,-1.0,4.500000000000066
0.2222222222222222,60,2.8270392260067426e-07,1.0,4.50000000000004
0.24,0,1.0,1.0,5.0
0.24,1,0.76,-1.1600000000000001,6.344000000000001
0.24,2,0.5776,1.3456000000000001,8.314688000000002
0.24,3,0.43897600000000003,-1.560896,11.060133416960001
0.24,4,0.33362176000000004,1.8106393599999997,14.808518753288187
0.24,5,0.2535525376,-2.1003416575999996,19.88360229858631
0.24,6,0.19269992857600002,2.436396322815999,26.730688319477544
0.24,7,0.14645194571776002,-2.8262197344665587,35.954555029899275
0.24,8,0.11130347874549762,3.2784148919812077,48.37221315002912
0.24,9,0.08459064384657819,-3.802961274698201,65.08489284435693
0.24,10,0.06428888932339942,4.4114350786499115,87.57548406978849
0.24,11,0.04885955588578356,-5.117264691233896,117.83998426877184
0.24,12,0.037133262473195504,5.936027041831321,158.5645661256781
0.24,13,0.028221279479628582,-6.885791368524333,213.36395068910664
0.24,14,0.021448172404517723,7.987517987488226,287.1022262140655
0.24,15,0.016300611027433468,-9.26552086548634,386.3245789443923
0.24,16,0.012388464380849437,10.748004203964154,519.8382513949649
0.24,17,0.009415232929445572,-12.467684876598419,699.4942921430297
0.24,18,0.007155577026378635,14.462514456854162,941.2394854673616
0.24,19,0.005438238540047763,-16.776516769950828,1266.5318319832054
0.24,20,0.0041330612904363,19.46075945314296,1704.2452217600166
0.24,21,0.0031411265807315884,-22.574480965645837,2293.232363840716
0.24,22,0.0023872562013560073,26.186397920149172,3085.773464995264
0.24,23,0.0018143147130305656,-30.376221587373042,4152.216772309215
0.24,24,0.0013788791819032298,35.23641704135274,5587.2228875552555
0.24,25,0.0010479481782464546,-40.874243767969176,7518.167116764249
0.24,26,0.0007964406154673055,47.414122770844244,10116.445671896267
0.24,27,0.0006052948677551522,-55.00038241417931,13612.689295860033
0.24,28,0.00046002409949391567,63.80044360044799,18317.234716368566
0.24,29,0.0003496183156153759,-74.00851457651969,24647.671034264287
0.24,30,0.0002657099198676857,85.84987690876282,33165.90614365908
0.24,31,0.00020193953909944113,-99.58585721416485,44628.04330688052
0.24,32,0.00015347404971557526,115.51959436843121,60051.49507372276
0.24,33,0.0001166402777838372,-134.00272946738022,80805.29177119232
0.24,34,8.864661111571628e-05,155.44316618216106,108731.60060731116
0.24,35,6.737142444794436e-05,-180.31407277130683,146309.24177719487
0.24,36,5.1202282580437716e-05,209.1643244147159,196873.71573539166
0.24,37,3.8913734761132666e-05,-242.63061632107042,264913.2718935419
0.24,38,2.957443841846083e-05,281.45151493244157,356467.29865994916
0.24,39,2.2476573198030232e-05,-326.4837573216322,479662.3970768272
0.24,40,1.7082195630502978e-05,378.7211584930933,645433.7215065783
0.24,41,1.2982468679182263e-05,-439.3165438519882,868495.6156592513
0.24,42,9.86667619617852e-06,509.60719086830625,1168647.7004310885
0.24,43,7.498673909095676e-06,-591.1443414072352,1572532.3457000724
0.24,44,5.698992170912714e-06,685.7274360323928,2115999.524374017
0.24,45,4.331234049893662e-06,-795.4438257975756,2847288.9599976772
0.24,46,3.2917378779191835e-06,922.7148379251877,3831312.024572874
0.24,47,2.5017207872185796e-06,-1070.3492119932175,5155413.460265258
0.24,48,1.9013077982861206e-06,1241.6050859121324,6937124.35213293
0.24,49,1.4449939266974517e-06,-1440.2618996580732,9334594.528230067
0.24,50,1.0981953842900634e-06,1670.7038036033646,12560630.397186374
0.24,51,8.346284920604481e-07,-1938.016412179903,16901584.262453984
0.24,52,6.343176539659406e-07,2248.099038128687,22742771.783558074
0.24,53,4.820814170141148e-07,-2607.7948842292767,30602673.711955737
0.24,54,3.663818769307272e-07,3025.042065705961,41178957.74680764
0.24,55,2.784502264673527e-07,-3509.048796218915,55410405.544104375
0.24,56,2.1162217211518804e-07,4070.496603613941,74560241.70014682
0.24,57,1.608328508075429e-07,-4721.776060192171,100328261.23171754
0.24,58,1.2223296661373261e-07,5477.260229822918,135001708.3133991
0.24,59,9.28970546264368e-08,-6353.6218665945835,181658298.70650977
0.24,60,7.060176151609197e-08,7370.201365249717,244439406.73947954
