lambda,training_half_mse,validation_half_mse
0.0,1.0180812353420919e-29,6.15368531988418
1e-05,1.2706531960581727e-09,6.153515170448614
1.2863969449369745e-05,2.1026365308031383e-09,6.153466445678093
1.6548170999431813e-05,3.4793466865604986e-09,6.153403769888318
2.1287516617963725e-05,5.757400998191039e-09,6.153323149910731
2.7384196342643615e-05,9.526846669791413e-09,6.153219450490613
3.522694651473101e-05,1.576391393993877e-08,6.1530860682080535
4.531583637600818e-05,2.6083681043419555e-08,6.152914512671932
5.8294153471360736e-05,4.315794685141942e-08,6.1526938688620065
7.498942093324559e-05,7.14062196212584e-08,6.152410107293763
9.646616199111992e-05,1.1813808379983982e-07,6.152045199600898
0.00012409377607517196,1.9544128392572247e-07,6.1515759857519265
0.00015963385442879422,3.2330121846337807e-07,6.1509727249755395
0.0002053525026457146,5.347526380149144e-07,6.1501972450912
0.00026416483203860924,8.843824851486337e-07,6.149200583918209
0.00033982083289425596,1.4623532766454769e-06,6.147919991566769
0.00043714448126110897,2.4175090699925667e-06,6.146275133957479
0.0005623413251903491,3.995399591447566e-06,6.144163307026346
0.0007233941627366748,6.6007551603251365e-06,6.1414534405201335
0.0009305720409296989,1.0899926382050851e-05,6.137978645603762
0.00119708503049573,1.7988415806064867e-05,6.133527051742393
0.001539926526059492,2.966394674178893e-05,6.127830702640589
0.0019809567785503386,4.886964959213254e-05,6.120552366190503
0.0025482967479793467,8.040941575828462e-05,6.111270302074264
0.0032781211513934587,0.00013209451321988296,6.099461384579251
0.004216965034285823,0.00021656515523360998,6.084483579435368
0.005424690937011326,0.0003541517715898524,6.065559717756996
0.006978305848598663,0.0005773055183698858,6.0417658816367945
0.008976871324473142,0.0009373360381574412,6.012029529111074
0.011547819846894581,0.0015144292297724943,5.97514457978417
0.014855080171727751,0.002432129755141131,5.929812566124666
0.019109529749704406,0.003877567906631177,5.874719662748148
0.024582440689201974,0.0061285488807234735,5.808657503455655
0.03162277660168379,0.009588054530897509,5.730689705573148
0.040679443210830474,0.01482565463647432,5.640355457554217
0.05232991146814947,0.022623877141490625,5.5378882568453776
0.06731703824144983,0.034026018152798654,5.424416571720388
0.08659643233600653,0.05038047144174793,5.302109086700083
0.11139738599948024,0.07337549623746091,5.1742314348397835
0.14330125702369628,0.10505740708334858,5.045088525584222
0.18434229924091106,0.14782505168918597,4.919830574552618
0.23713737056616552,0.20439568233868935,4.804105986491566
0.3050527890267026,0.2777429037214912,4.703566208703987
0.3924189758484536,0.3710139085850274,4.623275593107861
0.504806571666747,0.4874344574100841,4.567134993619484
0.6493816315762113,0.6302001169817284,4.537452879304001
0.8353625469578262,0.802331281209204,4.534766488154103
1.0746078283213174,1.0064463369558045,4.5579383841441885
1.3823722273578996,1.2443991553189797,4.604468308594212
1.7782794100389228,1.5167552466603538,4.670905442397621
2.2875732003183957,1.8221579207639487,4.753243540493646
2.942727176209282,2.1567441558825395,4.84722727642295
3.78551524925863,2.5138525494368107,4.948565198765267
4.869675251658631,2.884251080978988,5.0530946559404155
6.264335366568855,3.256968407111786,5.156950427287304
8.058421877614817,3.620588180077422,5.256754722165708
10.36632928437698,3.964676127097893,5.349801124904479
13.33521432163324,4.280960482119167,5.434181784615397
17.15437896342879,4.563999432482582,5.508818373676722
22.0673406908459,4.811270420745044,5.573390684666907
28.387359647587548,5.022796492542385,5.628189115775932
36.51741272548377,5.200514287662584,5.673932841916941
46.975888167064916,5.347582806133434,5.711592539311467
60.42963902381328,5.4677709688784475,5.742242950147229
77.73650302387757,5.5649898052253235,5.766955424371433
100.0,5.642979223211233,5.78672932800728
