update,mc_fixed,mc_decay,exact_fixed,exact_decay
0,9.0,9.0,9.0,9.0
1,4.4459996992692785,3.2955136385377384,4.432499999999999,3.28
2,2.1995252220216988,1.4907784939672684,2.1944249999999994,1.4855555555555557
3,1.1002799621037094,0.7810019068161068,1.0977682499999994,0.7783446712018142
4,0.5595955127277907,0.4533828807630955,0.5604064424999996,0.45344387755102045
5,0.29300227691210284,0.2839463243333868,0.29709915682499977,0.28665123456790126
6,0.1660740794951256,0.1916312750502479,0.16807858684424987,0.19345679012345685
7,0.10407783468395368,0.136944694332363,0.10485850755368242,0.13776859504132233
8,0.07412681483712441,0.10233239996362037,0.07388066870130439,0.10261707988980719
9,0.058415087575632886,0.07880255866678057,0.05870152766363915,0.07938856015779094
10,0.051471188234635194,0.06327907488022566,0.051263748555183175,0.06342832991184642
11,0.047012707320182555,0.051546109809108225,0.04761923679203975,0.05208616780045354
12,0.046130420904170764,0.04375091074488752,0.04583342602809948,0.04378472222222224
13,0.045051519295467794,0.0374290479226455,0.044958378753768735,0.03754865916955018
14,0.04434231224929654,0.03246782784547368,0.044529605589346676,0.03275449613396557
15,0.04470419740371195,0.029013830741210778,0.044319506738779865,0.028991826544919802
16,0.045511358701828056,0.02604433693145526,0.044216558302002135,0.02598337950138504
17,0.04459365028757802,0.023589576112520994,0.044166113567981044,0.023537414965986395
18,0.04470848715387779,0.02137853090732323,0.04414139564831071,0.021518524765278012
19,0.04509505834686657,0.019791151506447117,0.044129283867672245,0.019829242762736492
20,0.04423957178136182,0.018376800357031674,0.0441233490951594,0.01839818315479941
21,0.04383272969882485,0.017105617572509984,0.0441204410566281,0.017172222222222224
22,0.0430287365433291,0.01583276963810258,0.04411901611774777,0.016111242603550298
23,0.04365347474118884,0.015008043322717407,0.0441183178976964,0.015184535839806498
24,0.043950958795061015,0.014227049258906227,0.04411797576987123,0.014368298759833153
25,0.04435019080156325,0.013588345142831396,0.044117808127236896,0.013643864204421364
26,0.04398009182156862,0.012889783908175486,0.044117725982346076,0.012996432818073722
27,0.04359780559532932,0.012293009436700843,0.044117685731349575,0.012414151925078045
28,0.04370196715590225,0.011773053899342564,0.044117666008361284,0.011887438215400626
29,0.04527656207188871,0.011367639357429639,0.04411765634409703,0.011408473943985309
30,0.044258708382806725,0.010880558544468736,0.04411765160860754,0.010970828130312246
31,0.04399774582423499,0.010416703540062001,0.044117649288217695,0.010569168844008192
32,0.044294176674554486,0.010099865371151227,0.044117648151226665,0.01019904257999496
33,0.045340846679739116,0.009851159366511474,0.04411764759410106,0.009856703550397245
34,0.04518923850109681,0.009652187736633072,0.04411764732110952,0.009538980471824676
35,0.04494115578996776,0.009325910165696658,0.044117647187343664,0.009243171772470731
36,0.04450877425069188,0.009036811457794879,0.04411764712179839,0.008966962524654835
37,0.04422078736025217,0.00871542936892853,0.0441176470896812,0.00870835812016657
38,0.04354641935061754,0.008442252521290694,0.044117647073943785,0.008465630947996888
39,0.044378908650242424,0.008254719836470375,0.044117647066232446,0.008237277243689977
40,0.04520636811242499,0.008038939314720037,0.0441176470624539,0.008021981951378678
41,0.043776920552598304,0.007803329821761105,0.04411764706060241,0.007818589939802063
42,0.04273839698951183,0.007555657276807511,0.044117647059695175,0.00762608228896824
43,0.04384228986587268,0.007380290827321826,0.04411764705925063,0.0074435566478771795
44,0.04390793424157231,0.007212423589663069,0.0441176470590328,0.007270210879734424
45,0.043526195237629184,0.007003328811478534,0.04411764705892607,0.0071053293766486225
46,0.04278477965110988,0.006792992714657199,0.04411764705887377,0.006948271553519371
47,0.04392120327485403,0.006700695921034543,0.044117647058848145,0.006798462129950023
48,0.04493811416606377,0.006590855424469908,0.044117647058835585,0.006655382886418291
49,0.04425910092991604,0.006448837094789784,0.04411764705882944,0.006518565641713768
50,0.043138438973705596,0.006248731667143966,0.044117647058826426,0.0063875862466371836
51,0.043805895911045147,0.006122709013034317,0.04411764705882494,0.006262059427042595
52,0.04419889362669184,0.006017883976131729,0.04411764705882422,0.006141634339686291
53,0.043947170807407246,0.005940450286620428,0.044117647058823865,0.006025990728701456
54,0.043858475434659094,0.00582673531552387,0.04411764705882369,0.005914835590133106
55,0.044520546870025254,0.0057287362661639215,0.04411764705882361,0.0058079002678375355
56,0.04367413576483682,0.005618126971777744,0.04411764705882357,0.005704937916945964
57,0.044111896239328874,0.005552169045354481,0.04411764705882354,0.005605721281614862
58,0.04428603652789862,0.005469723059537498,0.04411764705882353,0.00551004074240726
59,0.04392697034381732,0.00540449631044247,0.044117647058823525,0.0054177025957413485
60,0.044449991823156156,0.0053219725946379096,0.044117647058823525,0.005328527533698668
61,0.044145324055757905,0.0052590844315951605,0.044117647058823525,0.005242349297337281
62,0.04367094667665947,0.0051554358922219524,0.044117647058823525,0.005159013480691806
63,0.04404791609456322,0.005087024470101664,0.044117647058823525,0.0050783764660108895
64,0.04317494915313307,0.00497574000941422,0.044117647058823525,0.005000304473603684
65,0.043605701520625116,0.004919295915754126,0.044117647058823525,0.0049246727120367435
66,0.043768068251957344,0.00482923605980979,0.044117647058823525,0.00485136461641998
67,0.04469610640555094,0.0047760418912859625,0.044117647058823525,0.004780271164208595
68,0.04451036921840377,0.00471958652018418,0.044117647058823525,0.004711290259379265
69,0.0445528969469946,0.0046475472100452496,0.044117647058823525,0.0046443261770558976
70,0.04315474200539845,0.004551952651016209,0.044117647058823525,0.0045792890616979135
71,0.04291593547607541,0.0044705361741596335,0.044117647058823525,0.004516094472851232
72,0.044215442255234015,0.0044080674528409365,0.044117647058823525,0.004454662973222533
73,0.04340428766495467,0.00434792875939602,0.044117647058823525,0.004394919754490934
74,0.0442201037113255,0.0042877891216823345,0.044117647058823525,0.004336794296834259
75,0.0433824325615048,0.0042100307237145605,0.044117647058823525,0.004280220058633283
76,0.04328243291874292,0.0041579027688842096,0.044117647058823525,0.004225134193238264
77,0.04342416434912095,0.004114397770181891,0.044117647058823525,0.00417147729004725
78,0.04441582114304299,0.004058984558247861,0.044117647058823525,0.0041191931374631756
79,0.043371113225513964,0.004000034014948489,0.044117647058823525,0.0040682285055735085
80,0.04407604147696831,0.003955344301867526,0.044117647058823525,0.004018532946637793
81,0.04358532977007415,0.003918779534804708,0.044117647058823525,0.0039700586116799665
82,0.0435643864376982,0.003877619525910894,0.044117647058823525,0.003922760081667637
83,0.0434153206411482,0.0038163219724087353,0.044117647058823525,0.0038765942119234616
84,0.04382223819365586,0.0037902707801280707,0.044117647058823525,0.0038315199885570663
85,0.04359191889573363,0.003736315191226988,0.044117647058823525,0.003787498395832399
86,0.04316673080845872,0.003694406454970069,0.044117647058823525,0.0037444922934970486
87,0.04304075716132159,0.0036580842632415412,0.044117647058823525,0.0037024663031989032
88,0.04330106968732779,0.003624410482570712,0.044117647058823525,0.003661386703203109
89,0.04400808803549704,0.003599284587534323,0.044117647058823525,0.0036212213307000745
90,0.04450694171241965,0.0035708330241969507,0.044117647058823525,0.0035819394910644444
91,0.0435700912272214,0.0035229579638948235,0.044117647058823525,0.0035435118734865796
92,0.04377730077462657,0.00348430292059844,0.044117647058823525,0.0035059104724530616
93,0.042971220041003316,0.003432025521923631,0.044117647058823525,0.003469108514601858
94,0.043160941493595686,0.00339162375909603,0.044117647058823525,0.003433080390521733
95,0.043845504934018585,0.0033614134546389833,0.044117647058823525,0.0033978015911048853
96,0.04460111278525064,0.0033409097443876483,0.044117647058823525,0.003363248648097131
97,0.0451663727138975,0.0033321397316220126,0.044117647058823525,0.0033293990785217115
98,0.04356786317248155,0.0033055091337097597,0.044117647058823525,0.0032962313326813835
99,0.043488357794043926,0.0032669256763110588,0.044117647058823525,0.0032637247454692046
100,0.0445602908897089,0.0032446769151897544,0.044117647058823525,0.0032318594907416423
101,0.04459299016708612,0.0032126481439202852,0.044117647058823525,0.003200616538528624
102,0.04424662935509364,0.003172476017392907,0.044117647058823525,0.0031699776148741187
103,0.0444251887717784,0.0031381852768235844,0.044117647058823525,0.003139925164118015
104,0.044733843106618265,0.003106877896642971,0.044117647058823525,0.0031104423134456463
105,0.04365852826623287,0.0030642215458045094,0.044117647058823525,0.003081512839545426
106,0.04370312362903524,0.0030334796779330504,0.044117647058823525,0.0030531211372279215
107,0.0432662374383875,0.003002566899176218,0.044117647058823525,0.0030252521898713526
108,0.04239180910414515,0.0029696894784920673,0.044117647058823525,0.002997891541569146
109,0.04281420732231071,0.002936401843815582,0.044117647058823525,0.002971025270864864
110,0.04436087007786083,0.002906899125072873,0.044117647058823525,0.002944639965968671
111,0.04345482060699205,0.002865855775716645,0.044117647058823525,0.0029187227013575774
112,0.04341984439944855,0.0028434063071185378,0.044117647058823525,0.002893261015669075
113,0.0442339148441673,0.0028236183687793542,0.044117647058823525,0.0028682428908045517
114,0.04386929553591993,0.002792930840225919,0.044117647058823525,0.0028436567321650425
115,0.04438008712070973,0.002771388975949808,0.044117647058823525,0.0028194913499475505
116,0.04407652171779002,0.00275196579343264,0.044117647058823525,0.002795735941435395
117,0.04390715493502825,0.0027272169572363568,0.044117647058823525,0.002772380074220793
118,0.044091775033029156,0.002695406763980408,0.044117647058823525,0.0027494136703022994
119,0.043839155733341205,0.0026594141902861025,0.044117647058823525,0.0027268269910037655
120,0.04343869591494017,0.002641961671695485,0.044117647058823525,0.0027046106226651955
121,0.044665292542970594,0.002619680036579826,0.044117647058823525,0.0026827554630593116
122,0.04477466167427601,0.00259562098399603,0.044117647058823525,0.0026612527084908027
123,0.04404029353372299,0.002571397171381803,0.044117647058823525,0.0026400938415381487
124,0.04380583953426721,0.0025485230810713237,0.044117647058823525,0.002619270619400613
125,0.04315348695778516,0.0025262168288223445,0.044117647058823525,0.002598775062815485
126,0.04364731093442596,0.002514041728573052,0.044117647058823525,0.002578599445512953
127,0.044417337591584824,0.002494098956876968,0.044117647058823525,0.002558736284178139
128,0.04477192450798788,0.002476520886559155,0.044117647058823525,0.00253917832889179
129,0.04449975658937886,0.002458042187336194,0.044117647058823525,0.002519918554022953
130,0.04329609645056771,0.002436823742330037,0.044117647058823525,0.0025009501495486704
131,0.043732157607056385,0.002418941247420882,0.044117647058823525,0.002482266512777307
132,0.04314272705015477,0.00240639542193519,0.044117647058823525,0.0024638612404535754
133,0.043411099270498556,0.002385474836911603,0.044117647058823525,0.002445728121224701
134,0.04468793193050487,0.0023748048978405366,0.044117647058823525,0.002427861128448439
135,0.044271994699980874,0.002359134574933789,0.044117647058823525,0.002410254413324815
136,0.04351591652684689,0.0023323535607766292,0.044117647058823525,0.002392902298334581
137,0.04394904382456703,0.002337202817381978,0.044117647058823525,0.002375799270968384
138,0.04377670358329992,0.002325366937924449,0.044117647058823525,0.002358939977731617
139,0.043990654446591684,0.0023215065857213474,0.044117647058823525,0.0023423192184107914
140,0.04429881500038584,0.002303173407792491,0.044117647058823525,0.0023259319405881176
141,0.04361974332146271,0.002281110493259049,0.044117647058823525,0.0023097732343917436
142,0.043365072574253184,0.002272773148727199,0.044117647058823525,0.0022938383274698436
143,0.04423014299709586,0.0022433193204209455,0.044117647058823525,0.0022781225801774014
144,0.0438831746187825,0.002223128743414518,0.044117647058823525,0.002262621480965189
145,0.043707819395141255,0.0022025862155533745,0.044117647058823525,0.0022473306419610274
146,0.043832130821868834,0.002192278829820519,0.044117647058823525,0.0022322457947339712
147,0.0441311659797671,0.0021864813538292273,0.044117647058823525,0.0022173627862325735
148,0.04353901674874977,0.002167754161374711,0.044117647058823525,0.0022026775748888896
149,0.04429852990705786,0.0021532278085932724,0.044117647058823525,0.002188186226880327
150,0.04394888950742123,0.0021387428357987005,0.044117647058823525,0.0021738849125418737
151,0.044432264438839845,0.002129868273628345,0.044117647058823525,0.0021597699029216534
152,0.04461361601242611,0.0021109815338075134,0.044117647058823525,0.0021458375664731234
153,0.044768217569558,0.002103971278209201,0.044117647058823525,0.002132084365877593
154,0.04472079066436086,0.00208266718727092,0.044117647058823525,0.002118506854991072
155,0.04502032737815252,0.002071142728901352,0.044117647058823525,0.0021051016759097716
156,0.04541474716097564,0.0020617345200213202,0.044117647058823525,0.0020918655561488883
157,0.04400597302498292,0.0020578819793715753,0.044117647058823525,0.002078795305929557
158,0.043817121399929874,0.0020407023155540856,0.044117647058823525,0.0020658878155691454
159,0.04453590180901981,0.0020381563529174216,0.044117647058823525,0.0020531400529702967
160,0.044054948864866814,0.002020257445581518,0.044117647058823525,0.0020405490612043597
161,0.04409000559054973,0.002000768495150011,0.044117647058823525,0.002028111956185074
162,0.04404921400128673,0.0019849136679803473,0.044117647058823525,0.002015825924428572
163,0.0442913901236765,0.0019753849422559067,0.044117647058823525,0.002003688220895976
164,0.04369123024068909,0.0019620581628515465,0.044117647058823525,0.00199169616691502
165,0.04360244734679366,0.0019583277716177286,0.044117647058823525,0.0019798471481773396
166,0.044585931767207154,0.0019479146891520425,0.044117647058823525,0.001968138612808209
167,0.04448984523393954,0.0019421518506929772,0.044117647058823525,0.0019565680695056687
168,0.04399349678725163,0.0019281745008319258,0.044117647058823525,0.0019451330857461406
169,0.04454413761081063,0.0019163742302919723,0.044117647058823525,0.001933831286053757
170,0.04465572554666824,0.0019020044410153227,0.044117647058823525,0.0019226603503307686
171,0.04412680855844306,0.0018921542388138691,0.044117647058823525,0.0019116180122465166
172,0.044256556821292016,0.0018851790822369244,0.044117647058823525,0.001900702057682578
173,0.044732865773223524,0.0018767418476760753,0.044117647058823525,0.0018899103232317964
174,0.04389869881693752,0.0018689598701074103,0.044117647058823525,0.0018792406947490254
175,0.04475067657214931,0.0018608091508987845,0.044117647058823525,0.0018686911059515065
176,0.04384163644143657,0.0018477731867323004,0.044117647058823525,0.0018582595370668993
177,0.04432868993231354,0.001833751677916831,0.044117647058823525,0.0018479440135270755
178,0.044555997201825924,0.0018224451560591767,0.044117647058823525,0.0018377426047058703
179,0.04447783926006256,0.0018095776892130572,0.044117647058823525,0.001827653422699066
180,0.04424105740831919,0.0018004432818760302,0.044117647058823525,0.0018176746211449625
181,0.04435296748309268,0.0017979450185238797,0.044117647058823525,0.0018078043940839635
182,0.04414329892975518,0.0017902028962756382,0.044117647058823525,0.0017980409748556674
183,0.04427122940105431,0.00177264618792096,0.044117647058823525,0.0017883826350320344
184,0.043173387356822086,0.0017624167264046874,0.044117647058823525,0.0017788276833852496
185,0.0444377176379504,0.0017532126800508228,0.044117647058823525,0.0017693744648889672
186,0.04352651324552838,0.0017415892766460205,0.044117647058823525,0.0017600213597516801
187,0.04424420664727506,0.0017279700003083676,0.044117647058823525,0.0017507667824810111
188,0.04339576103607902,0.0017236914769194847,0.044117647058823525,0.0017416091809777697
189,0.043452987586330497,0.0017141902455147108,0.044117647058823525,0.0017325470356586757
190,0.043591789404655,0.0017055702497961382,0.044117647058823525,0.001723578858606691
191,0.04311334844538753,0.0017000537824630897,0.044117647058823525,0.0017147031927479458
192,0.04502296609252714,0.0016884858989694948,0.044117647058823525,0.001705918611054292
193,0.044642169711727284,0.0016766522045321755,0.044117647058823525,0.0016972237157705547
194,0.04447565447898675,0.0016728773183417535,0.044117647058823525,0.001688617137665586
195,0.04347438771419771,0.0016702750031636672,0.044117647058823525,0.0016800975353062732
196,0.04433368838064586,0.0016603004038609685,0.044117647058823525,0.0016716635943536784
197,0.044898613655386055,0.0016541510453277075,0.044117647058823525,0.0016633140268805234
198,0.044637002718679646,0.0016466595451337701,0.044117647058823525,0.0016550475707092672
199,0.04499489960282368,0.0016380884997958388,0.044117647058823525,0.0016468629887700526
200,0.04426931792166511,0.0016285404663130777,0.044117647058823525,0.0016387590684778268
201,0.044393147368339755,0.001619970767881045,0.044117647058823525,0.0016307346211279657
202,0.04390247232127723,0.001616680004849717,0.044117647058823525,0.0016227884813097705
203,0.04267442787130775,0.0016044373854902567,0.044117647058823525,0.0016149195063372096
204,0.044444826327172816,0.0016034679826248321,0.044117647058823525,0.0016071265756963256
205,0.04303213778769602,0.001596879656631555,0.044117647058823525,0.0015994085905087303
206,0.04443782474468216,0.0015931464611279856,0.044117647058823525,0.0015917644730106511
207,0.043808813121304316,0.0015890261248322193,0.044117647058823525,0.0015841931660469947
208,0.04385225668172101,0.0015822529263383915,0.044117647058823525,0.0015766936325799321
209,0.043833417510674204,0.001571761232948684,0.044117647058823525,0.0015692648552115133
210,0.04365478053957967,0.0015586603413465631,0.044117647058823525,0.0015619058357198498
211,0.0441652988369536,0.0015498814381453485,0.044117647058823525,0.0015546155946084125
212,0.04404582583587353,0.0015433704379484011,0.044117647058823525,0.0015473931706680138
213,0.044300049854378604,0.001540825298892319,0.044117647058823525,0.0015402376205510618
214,0.04454143509635145,0.0015378577248042636,0.044117647058823525,0.0015331480183576791
215,0.04430391796695482,0.0015358999591309852,0.044117647058823525,0.0015261234552333095
216,0.04376483983273274,0.0015261264499366331,0.044117647058823525,0.001519163038977434
217,0.04418307796211731,0.0015171234233159344,0.044117647058823525,0.0015122658936630438
218,0.04476796404158605,0.0015129620811668906,0.044117647058823525,0.0015054311592665231
219,0.04443674657032011,0.0014998640531721944,0.044117647058823525,0.0014986579913076124
220,0.04423220558106822,0.001496829006739703,0.044117647058823525,0.0014919455604991306
221,0.04432830854622271,0.0014895293493230447,0.044117647058823525,0.0014852930524061484
222,0.0450617536464306,0.0014897885357261676,0.044117647058823525,0.001478699667114318
223,0.04348024552843085,0.0014812481212104624,0.044117647058823525,0.001472164618907069
224,0.044277879630031595,0.0014786282962432095,0.044117647058823525,0.0014656871359513977
225,0.04384158950447221,0.0014674474409486348,0.044117647058823525,0.0014592664599919827
226,0.04396929051122504,0.0014623606530120134,0.044117647058823525,0.0014529018460533692
227,0.04351585443702411,0.001447274502107235,0.044117647058823525,0.0014465925621499733
228,0.04413416025936436,0.0014398902531032698,0.044117647058823525,0.0014403378890036711
229,0.0445672659960754,0.0014324597133062796,0.044117647058823525,0.0014341371197687358
230,0.043656732557709195,0.0014279495964024769,0.044117647058823525,0.0014279895597639062
231,0.04376420691017877,0.0014198294842237284,0.044117647058823525,0.0014218945262113665
232,0.04449908079546119,0.0014131355227018372,0.044117647058823525,0.0014158513479824329
233,0.043867442931034985,0.0014100372111346736,0.044117647058823525,0.0014098593653497455
234,0.04375366386987155,0.0014023384693513255,0.044117647058823525,0.0014039179297457706
235,0.04373651052334291,0.0013925570249058556,0.044117647058823525,0.0013980264035274275
236,0.04367543071545441,0.0013885307823852393,0.044117647058823525,0.0013921841597466598
237,0.04424785562852486,0.0013828875204992277,0.044117647058823525,0.0013863905819267738
238,0.04458698174070857,0.0013815434154509933,0.044117647058823525,0.0013806450638443784
239,0.04464495694528405,0.0013777874682138478,0.044117647058823525,0.0013749470093167597
240,0.04423701929635791,0.0013769659250037316,0.044117647058823525,0.0013692958319945364
241,0.04433438964020763,0.0013706361572759361,0.044117647058823525,0.0013636909551594397
242,0.04385356387766192,0.0013619611833334954,0.044117647058823525,0.0013581318115270737
243,0.043222065090937005,0.0013509178435872956,0.044117647058823525,0.00135261784305451
244,0.04403923415236242,0.0013437683716196259,0.044117647058823525,0.001347148500752581
245,0.04342433730192611,0.0013386287698461637,0.044117647058823525,0.0013417232445027372
246,0.0430018085850472,0.0013328478212893424,0.044117647058823525,0.0013363415428783415
247,0.04295088248950287,0.001329167209525442,0.044117647058823525,0.0013310028729702711
248,0.04335772073536747,0.0013205164564688726,0.044117647058823525,0.00132570672021671
249,0.04301808715177554,0.001316865639766019,0.044117647058823525,0.0013204525782370127
250,0.04359002750945471,0.001312123556852683,0.044117647058823525,0.0013152399486695279
251,0.04386054067894866,0.0013080777106876302,0.044117647058823525,0.001310068341013269
252,0.04380875449475183,0.0013004658000829753,0.044117647058823525,0.0013049372724733286
253,0.043472020352267916,0.0012942684828442426,0.044117647058823525,0.001299846267809932
254,0.043821532086965875,0.0012948446833079082,0.044117647058823525,0.0012947948591910297
255,0.0439761992644222,0.0012880741282044114,0.044117647058823525,0.0012897825860483344
256,0.04410196517625,0.0012851716279203681,0.044117647058823525,0.001284808994936706
257,0.04432283935385243,0.0012795650375143316,0.044117647058823525,0.0012798736393967967
258,0.04401072034232332,0.0012731119563153795,0.044117647058823525,0.001274976079820865
259,0.04407441435877911,0.0012699620284755163,0.044117647058823525,0.001270115883321678
260,0.04355121509293489,0.0012652643683396642,0.044117647058823525,0.0012652926236044145
261,0.04414845752481427,0.001259981709684216,0.044117647058823525,0.0012605058808414916
262,0.044807361967864445,0.0012563674560754996,0.044117647058823525,0.0012557552415502372
263,0.04462372667520727,0.0012490052885401406,0.044117647058823525,0.0012510402984733326
264,0.04384806070529732,0.0012445922576999723,0.044117647058823525,0.0012463606504619503
265,0.044032326962184336,0.0012412305668146237,0.044117647058823525,0.0012417159023615204
266,0.0438159562754489,0.0012345710815786885,0.044117647058823525,0.0012371056649000526
267,0.04363652385402886,0.0012318868014744011,0.044117647058823525,0.0012325295545789505
268,0.042991912968453186,0.0012238954237137035,0.044117647058823525,0.0012279871935662507
269,0.043993083237463586,0.0012180887824897045,0.044117647058823525,0.0012234782095922262
270,0.043914116082185144,0.0012132542401701917,0.044117647058823525,0.0012190022358472916
271,0.043843689404478546,0.0012077609416308395,0.044117647058823525,0.0012145589108821526
272,0.04386020094215136,0.0012038772698095613,0.044117647058823525,0.001210147878510141
273,0.044386044015031476,0.0011999189729358162,0.044117647058823525,0.001205768787711679
274,0.043569526803049846,0.0011952764641680856,0.044117647058823525,0.0012014212925408217
275,0.04403854434735534,0.0011930143787217814,0.044117647058823525,0.0011971050520338217
276,0.04388831761838037,0.001186743516046468,0.044117647058823525,0.0011928197301196667
277,0.04386035475196244,0.0011862610425232866,0.044117647058823525,0.0011885649955325412
278,0.043958180863953734,0.0011810392758643301,0.044117647058823525,0.001184340521726161
279,0.04358830811091149,0.0011767592118690359,0.044117647058823525,0.0011801459867899387
280,0.043841101395032514,0.0011720084980127842,0.044117647058823525,0.0011759810733669297
281,0.04400177104797577,0.0011629077056507446,0.044117647058823525,0.0011718454685735184
282,0.0435531462678385,0.0011578114426339266,0.044117647058823525,0.0011677388639207995
283,0.044530845077042254,0.0011563076699908253,0.044117647058823525,0.0011636609552376127
284,0.04472786600381772,0.0011508287923302682,0.044117647058823525,0.001159611442595194
285,0.045034297769679016,0.0011438965923529214,0.044117647058823525,0.001155590030233397
286,0.04460020159767685,0.0011427669267292076,0.044117647058823525,0.0011515964264884526
287,0.045154230253350726,0.0011358880546382473,0.044117647058823525,0.0011476303437222286
288,0.04487575736357596,0.0011317904391688577,0.044117647058823525,0.0011436914982529487
289,0.04424902319751266,0.0011293885211383638,0.044117647058823525,0.0011397796102873411
290,0.04463668181034716,0.0011256008247974587,0.044117647058823525,0.0011358944038541794
291,0.04325995533054784,0.00112198688447241,0.044117647058823525,0.0011320356067391834
292,0.043376453107895147,0.0011210502400690713,0.044117647058823525,0.0011282029504212478
293,0.043142001610725914,0.001116088709590585,0.044117647058823525,0.0011243961700099661
294,0.043353348277097095,0.0011144414740931557,0.044117647058823525,0.0011206150041844195
295,0.04381431693000213,0.001109778740896797,0.044117647058823525,0.0011168591951332026
296,0.04363072173629073,0.0011092557216510579,0.044117647058823525,0.0011131284884956544
297,0.04350210302334358,0.001108374616915194,0.044117647058823525,0.001109422633304268
298,0.04388641639090548,0.0011049161735842963,0.044117647058823525,0.0011057413819282502
299,0.043918867251216624,0.0011015211114844667,0.044117647058823525,0.0011020844900182052
300,0.04420638008333513,0.0011015322646888918,0.044117647058823525,0.0010984517164519172
